rut,nombre,deuda_total,fono1,correo_1,gestion,tramo_mora,DDAS_FEC_1ER_VCTO
24878600-9,"VALENTINA PEÑA LAGOS",4515200,956844906,cliente200@correo.cl,"Cliente paga cuota de julio",61-90,20230810
17315457-1,"RODRIGO CASTRO VERA",8482000,972669752,,"",1-30,20221110
17952996-1,"FERNANDA TORO ORTIZ",9325500,930522762,cliente202@correo.cl,"Compromiso de pago para el 15",31-60,20220710
24795717-7,"MATÍAS REYES SILVA",8503200,975005014,cliente203@correo.cl,"Buzón de voz",1-30,20220210
23845228-1,"JAVIERA CONTRERAS MORA",2135600,981616897,cliente204@correo.cl,"Se envía simulación de reconducción",61-90,20230810
10286715-7,"DIEGO HERRERA PAZ",2321500,934802854,cliente205@correo.cl,"Compromiso de pago para el 15",91-180,20221010
17083140-2,"CONSTANZA VIDAL RÍOS",11307800,975673996,,"Cliente paga cuota de julio",1-30,20220810
21641911-1,"SEBASTIÁN FLORES ROA",13711900,962008101,cliente207@correo.cl,"Sin contacto, no da respuesta",61-90,20220110
24027134-5,"IGNACIA MOLINA CID",1279100,988680554,,"Se envía simulación de reconducción",+360,20230310
23639917-7,"TOMÁS SEPÚLVEDA LARA",10906400,934227623,,"Buzón de voz",181-360,20230710
23052083-9,"ANA MUÑOZ ROJAS",2371100,984126542,,"Cliente paga cuota de julio",61-90,20231010
15171103-2,"PEDRO SOTO DÍAZ",2004700,997535107,,"Sin contacto, no da respuesta",181-360,20231010