RUT;Nombre Cliente;Deuda;Teléfono;Celular;Email;Gestión;Tramo Mora;DDAS_FEC_1ER_VCTO;Comuna
15.508.294-K;CAMILA NÚÑEZ PIZARRO;$ 3.831.800;+56 221280439;962336033;;"Sin contacto, no da respuesta; seguimiento";+360;10/07/2024;VALPARAÍSO
13.703.703-2;JORGE ARAYA FUENTES;$ 11.081.200;;977202931;cliente101@correo.cl;"Sin contacto, no da respuesta; seguimiento";+360;10/01/2022;LA FLORIDA
23.794.881-9;VALENTINA PEÑA LAGOS;$ 3.352.500;;990064813;;"Titular entrevistado, recibe informacion; seguimiento";91-180;10/09/2022;SANTIAGO
16.278.034-K;RODRIGO CASTRO VERA;$ 11.510.600;;919500771;cliente103@correo.cl;"Compromiso de pago para el 15; seguimiento";91-180;10/10/2023;MAIPÚ
24.116.126-1;FERNANDA TORO ORTIZ;$ 9.802.500;;996621912;cliente104@correo.cl;"Buzón de voz; seguimiento";91-180;10/03/2022;VALPARAÍSO
24.716.563-K;MATÍAS REYES SILVA;$ 10.845.400;+56 226666511;989206017;;"Titular entrevistado, recibe informacion; seguimiento";31-60;10/11/2022;LA FLORIDA
19.914.287-9;JAVIERA CONTRERAS MORA;$ 2.204.400;+56 227868479;927753472;cliente106@correo.cl;"Compromiso de pago para el 15; seguimiento";+360;10/10/2022;ÑUÑOA
15.493.955-K;DIEGO HERRERA PAZ;$ 3.642.000;+56 226299613;963592591;;"Compromiso de pago para el 15; seguimiento";181-360;10/02/2023;MAIPÚ
12.705.568-5;CONSTANZA VIDAL RÍOS;$ 2.325.000;;924223379;;"Compromiso de pago para el 15; seguimiento";1-30;10/01/2022;MAIPÚ
10.906.314-7;SEBASTIÁN FLORES ROA;$ 3.115.800;+56 223241473;984631557;cliente109@correo.cl;"Buzón de voz; seguimiento";181-360;10/07/2024;MAIPÚ
24.773.019-9;IGNACIA MOLINA CID;$ 8.139.900;;916859567;;"Titular entrevistado, recibe informacion; seguimiento";91-180;10/04/2024;SANTIAGO
23.212.962-9;TOMÁS SEPÚLVEDA LARA;$ 9.586.100;+56 226986573;980925153;;"Cliente paga cuota de julio; seguimiento";31-60;10/03/2022;PUENTE ALTO
15.540.316-K;ANA MUÑOZ ROJAS;$ 7.080.800;;965583718;cliente112@correo.cl;"Buzón de voz; seguimiento";+360;10/09/2022;LA FLORIDA
10.237.975-7;PEDRO SOTO DÍAZ;$ 12.725.600;;992751156;cliente113@correo.cl;"Se envía simulación de reconducción; seguimiento";181-360;10/10/2023;PUENTE ALTO
19.549.832-1;CAMILA NÚÑEZ PIZARRO;$ 11.442.400;;929826002;;"Se envía simulación de reconducción; seguimiento";1-30;10/09/2022;VALPARAÍSO
19.772.183-7;JORGE ARAYA FUENTES;$ 13.255.900;;997919366;cliente115@correo.cl;;181-360;10/08/2024;MAIPÚ
11.645.769-2;VALENTINA PEÑA LAGOS;$ 1.227.800;;984809026;cliente116@correo.cl;"Sin contacto, no da respuesta; seguimiento";1-30;10/02/2024;ÑUÑOA
12.022.440-K;RODRIGO CASTRO VERA;$ 3.012.500;;944939428;;;61-90;10/04/2023;SANTIAGO
10.531.828-2;FERNANDA TORO ORTIZ;$ 3.745.700;;969421681;;"Se envía simulación de reconducción; seguimiento";91-180;10/05/2023;LA FLORIDA
11.248.006-1;MATÍAS REYES SILVA;$ 8.267.100;;926033564;;"Compromiso de pago para el 15; seguimiento";1-30;10/12/2024;VALPARAÍSO
24.356.159-9;JAVIERA CONTRERAS MORA;$ 675.200;+56 221978047;979219520;cliente120@correo.cl;"Compromiso de pago para el 15; seguimiento";1-30;10/11/2024;VALPARAÍSO
10.028.420-9;DIEGO HERRERA PAZ;$ 1.162.200;;962280863;cliente121@correo.cl;;1-30;10/03/2022;MAIPÚ
12.820.216-9;CONSTANZA VIDAL RÍOS;$ 4.596.100;+56 227417591;915790894;cliente122@correo.cl;"Titular entrevistado, recibe informacion; seguimiento";31-60;10/06/2024;MAIPÚ
10.286.458-9;SEBASTIÁN FLORES ROA;$ 5.331.600;;941282792;cliente123@correo.cl;"Se envía simulación de reconducción; seguimiento";61-90;10/08/2024;SANTIAGO
10.447.080-9;IGNACIA MOLINA CID;$ 1.556.600;+56 221021489;944561342;cliente124@correo.cl;"Sin contacto, no da respuesta; seguimiento";+360;10/11/2024;MAIPÚ
19.846.193-1;TOMÁS SEPÚLVEDA LARA;$ 1.114.600;+56 224744289;933317129;cliente125@correo.cl;"Compromiso de pago para el 15; seguimiento";31-60;10/04/2024;PUENTE ALTO
13.377.250-5;ANA MUÑOZ ROJAS;$ 9.584.600;;921864583;cliente126@correo.cl;"Compromiso de pago para el 15; seguimiento";181-360;10/02/2022;PUENTE ALTO
15.976.144-5;PEDRO SOTO DÍAZ;$ 2.554.500;;965328317;;"Sin contacto, no da respuesta; seguimiento";61-90;10/10/2024;SANTIAGO
20.041.087-9;CAMILA NÚÑEZ PIZARRO;$ 2.250.700;+56 222833448;973143903;cliente128@correo.cl;"Sin contacto, no da respuesta; seguimiento";+360;10/07/2023;ÑUÑOA
17.055.941-2;JORGE ARAYA FUENTES;$ 7.620.400;;940927468;cliente129@correo.cl;"Sin contacto, no da respuesta; seguimiento";31-60;10/02/2023;MAIPÚ
;;;;;;;;;
;SIN RUT;$ 10.000;;;;;;;